1,Maggie,Elliott,26,Uvaal Glen,Rikzigdu,HI,-24.72204,83.54313,5133235842426026
2,Mark,Christensen,60,Elfup Grove,Lalrodu,UT,70.45858,-146.05743,5018304563291108
3,Lloyd,Fletcher,53,Ebisu Trail,Folete,FL,-21.08448,172.80062,6011825130504743
4,Sara,Carr,40,Pejfop Drive,Hojlifu,ID,50.41514,21.26244,5135279412702927
5,Evan,Pena,58,Fuva Court,Bicdirwiw,IN,-42.25175,-95.35976,5488784886065357
6,Jimmy,Cain,36,Papte Road,Nikaftoc,CA,-36.02155,-137.05821,4026118282312778
7,Rosa,Ortiz,34,Awne Pass,Vasgehhu,AL,25.13373,-129.06063,4026479882843640
8,Melvin,Foster,38,Zumbut Park,Japumho,MT,33.6937,106.10867,4715238824796100
9,Angel,Little,32,Luwji Center,Kiktifeg,OH,3.71113,-168.31391,6334010488020069
10,George,Martin,64,Feib Court,Hedtova,RI,-16.41015,131.58977,6374407497052060
11,Inez,Hubbard,18,Hefaz Extension,Sakrobu,NE,-30.53398,-1.39173,30062324765332
12,Chase,McCoy,41,Nusi Turnpike,Akiiguze,VT,56.5434,179.9059,30015648512319
13,Ethan,Lindsey,47,Tecon Lane,Cucalaca,DE,5.32431,-61.51953,4805198520787962
14,Linnie,Sharp,25,Paalo Heights,Kilieh,MT,-64.93315,125.95068,30099777144409
15,Peter,Williamson,22,Ladcuw Court,Dodpefvat,NH,-29.98867,-77.98273,4026762220361874
16,Harriet,Nash,20,Gezkul Court,Laohni,SD,43.66603,78.1703,340805385790028
17,Elsie,Perkins,23,Noatu Court,Ojvive,OH,35.21923,-110.59977,4026528788101675
18,Antonio,Wells,23,Oraon Parkway,Odriwbug,TN,72.66131,175.24839,6378189477933529
19,Jeffrey,Wade,44,Salic Place,Vigcaghac,NV,62.54335,123.28699,346913374349022
20,Dylan,Warner,58,Judma Ridge,Kahadte,AL,-4.78966,-88.76519,6374467304705813
21,Jane,Swanson,53,Nencas Square,Jemagdik,SC,9.01937,-46.27615,5018940952485627
22,Lucille,Chambers,33,Ekuhaz Ridge,Wolfavi,AK,-68.42277,51.81528,344482180348117
23,Scott,Mason,64,Ralfok Pike,Nuctapji,CA,-62.58473,117.93939,348828314179099
24,Sean,Morrison,52,Atruk Street,Futloler,NH,0.92022,116.00484,36015078922057
25,Kate,Cohen,38,Niti Circle,Kifeihu,KS,-27.30097,-115.09064,4903095403723513
26,Kevin,Moreno,40,Suni Boulevard,Niikasa,CO,-40.37299,115.658,346520933791451
27,Warren,Townsend,25,Fini Court,Abasafoc,UT,-84.42943,-171.93525,4903864746868719
28,Ellen,Rios,63,Miwi Boulevard,Unevica,NM,-24.42604,165.2263,5610260384876141
29,Nelle,Harrington,60,Welwij Pass,Vegacpaj,OR,-75.55515,15.49976,201457304438087
30,Scott,Mullins,39,Wubig Turnpike,Hebuili,NY,0.32435,27.81538,4903463992087122
31,Minnie,Moore,18,Noazi Circle,Coceot,AK,-37.60003,-56.74813,201413964127486
32,Dylan,Miles,43,Riwa Pass,Lughitli,TN,-85.26062,1.12465,5106635813701260
33,Russell,McCarthy,65,Mumaf Key,Mihilu,SC,-38.06636,-47.50643,5018371493305373
34,Don,Delgado,58,Pecib Junction,Asmuvap,NV,17.27522,-173.88749,201455369557213
35,John,Carpenter,35,Besev Way,Gabuwu,RI,-59.23099,164.65497,4974748470899087
36,Elnora,Nichols,64,Ribki Manor,Tiiwci,SC,43.04265,-5.71516,6334959986662204
37,Gabriel,Salazar,46,Galbit Place,Emfumu,NH,74.86975,53.57749,6011718115942279
38,Trevor,Nelson,41,Jiznu Way,Sizaecu,AK,-57.39615,147.07238,5018617838394732
39,Essie,McCoy,60,Pejtu Pike,Gagija,ME,52.91934,175.77143,6304018449836198
40,Georgie,Ryan,37,Ejmuk Grove,Hadozke,IA,-31.27165,-35.16417,5018283736178147
41,Adelaide,Cruz,20,Udbu Highway,Jegoal,NJ,3.89984,33.22936,4585035802850991
42,Mason,Marshall,56,Bafive Highway,Reldikzo,NV,26.33615,-44.26914,6221081253996516
43,Leon,Elliott,40,Bufol Turnpike,Jawerol,SD,-80.04674,-111.83961,5173235536855010
44,Lizzie,Gibson,56,Sazeg Circle,Gabokkaz,AZ,78.29946,-103.9408,6376044620940909
45,Ian,Adkins,50,Zavteh Way,Romanci,CO,25.60812,159.7685,5018530909716941
46,Dylan,Hart,64,Narme Key,Mouzizo,MS,-58.88507,-135.22137,6288566429350135
47,Marcus,Boone,38,Dekpa Drive,Bebjutif,NV,62.84356,177.04771,201452723947412
48,Bobby,Wilson,36,Allo Road,Nalohise,ND,-0.58264,-130.24381,4903787753402777
49,Alma,Glover,40,Cowme Glen,Kowewkon,CO,13.72299,139.18729,6375468697430141
50,Celia,Jordan,19,Idafi Park,Onotivdow,SC,-58.50025,-161.54193,6011398900929250
51,Allen,Jones,39,Beona River,Gulunrep,GA,32.56751,123.77147,30064205456825
52,Estella,Baldwin,37,Gudu Pike,Rivawki,NE,-6.65259,-92.6396,3528051650017072
53,Johanna,Simmons,25,Lenlo Ridge,Mipizhon,ND,76.97878,87.2829,6011374276228445
54,Alvin,Ramirez,31,Pehow Place,Neforig,FL,87.82014,38.89549,4026853842253837
55,Harold,Cohen,48,Neca Way,Lejdidor,MD,-23.67936,107.88281,30036720817533
56,Harold,Chavez,53,Mifeho Pass,Hewniva,IA,-9.94997,-52.8337,5610199428892740
57,Bettie,Holt,46,Dabgam Street,Kibkupi,CA,-50.47662,131.67508,4903097877011193
58,Lester,Marshall,40,Zopi Ridge,Akadowe,NM,-24.91461,-178.3387,30078065225864
59,Estella,Delgado,45,Nefec Heights,Imeosipu,NE,-60.41375,-23.7081,30090568747377
60,Norman,Burns,26,Memih Parkway,Ubufza,DC,-41.05126,161.30667,201419134249100
61,Cora,Lyons,33,Wohow Street,Olahapu,SC,9.36048,-32.97019,201435665572223
62,Susie,Hoffman,39,Acwiv Extension,Gaakaad,GA,54.37199,29.65523,5179695346140131
63,Leila,Barton,19,Jadgir Point,Cokezup,WA,17.68053,-173.69512,5018215581982355
64,Viola,West,45,Jesuz Mill,Gatgira,NV,66.56094,-134.47825,5422272703510820
65,Alvin,Silva,19,Dammob View,Mokolmu,AL,-73.72612,18.66882,6218018648368576
66,Pauline,Perkins,36,Codo Turnpike,Metpihmic,WI,-74.78762,159.6154,4205754777997963
67,Henry,Snyder,28,Wihub Drive,Pubirek,ND,27.39855,120.0739,6011373205125094
68,Emma,Clark,58,Bigul Key,Lifjihguf,MA,-33.099,119.90409,5018503374031047
69,Hattie,Montgomery,28,Fujcem Pass,Madtotij,CT,-32.44551,59.99556,344433087450589
70,Olga,Tran,36,Mekfo Extension,Ihloub,NE,-3.78049,173.01362,4903036391723099
71,Winifred,Warner,45,Lazic Square,Pemotal,ME,-81.22153,17.7883,201405827732015
72,Nannie,Andrews,52,Tehav Extension,Otaimluh,UT,10.21379,49.74129,30044586483127
73,Stella,Schmidt,58,Cafu Mill,Lorpidsi,AZ,-78.73819,132.85389,4903976384186459
74,Hester,Sutton,60,Opetu Boulevard,Gevewac,OH,-25.18361,-110.06312,30061458598113
75,Trevor,Washington,55,Tivi Turnpike,Cijegu,MD,-81.28044,116.55136,30020689608331
76,Walter,Wagner,46,Peli Square,Tupaum,VT,65.79207,-19.29884,201457937620168
77,Derek,Leonard,38,Egsaj Key,Lepica,MI,-81.57583,-173.02044,5018810771812642
78,Kenneth,Harper,34,Reje Pass,Uwitalem,UT,-27.05071,-111.71012,4903756761712915
79,Lydia,Holmes,29,Utejuf Ridge,Hanowavor,ND,-49.24522,-29.1511,5018570527858253
80,Louis,Atkins,58,Zalik Place,Uwzemir,LA,-29.58043,92.28509,30033679417324
81,Oscar,Hunt,29,Dujre Circle,Nabtawon,TN,-78.84759,42.75887,3528006734146743
82,Jim,Keller,19,Neco Avenue,Jeulevub,WY,-8.93079,-168.93831,6279174467918599
83,Floyd,Olson,33,Vuhzuj Drive,Fejzipu,MD,38.0355,78.22096,36766129790386
84,Anne,Long,65,Ocla Center,Ciiclug,SD,50.70605,-18.04477,341222394173072
85,Lula,Chapman,26,Gozsu Path,Zihorni,MS,79.06309,66.52234,4026521704018271
86,Essie,James,24,Pefbik Pass,Wusiwe,MN,13.78202,151.23591,30024086509860
87,Richard,Hines,59,Mataw Manor,Ozmipgi,NV,-43.58028,-52.3454,3528051311979348
88,Cole,Tucker,55,Sofim Pike,Uciburse,VT,25.59654,-146.47193,5610748021072884
89,Terry,Little,48,Zewme Parkway,Maespew,AK,-54.50807,109.86316,5110891266592755
90,Cora,Clayton,36,Emloc Extension,Ovzilja,VT,-4.12237,139.0706,201487949829796
91,Nathan,Morgan,41,Sajili Plaza,Ulcillem,DE,-63.02502,-133.29381,5472375521559959
92,Larry,Walsh,25,Coiz Plaza,Midugib,OK,68.60187,-78.11707,6011955485993165
93,Lois,Becker,21,Bedun Center,Aheloafo,NJ,-78.05669,122.85092,6011891844980397
94,Hilda,Mack,19,Zesa Drive,Zezcunof,WA,-85.2196,-96.70978,5458503653682731
95,Lina,Wise,33,Udhu Glen,Ilosekod,LA,-75.68751,62.46309,201457284638821
96,Harvey,Thornton,38,Tojup Grove,Ugcimpol,CO,15.46329,100.16705,6208960324865122
97,Mike,Arnold,38,Lefap Pass,Jubeger,SD,68.95417,-170.57651,6304546532212927
98,Caleb,Simpson,18,Sidze Mill,Nilatet,CA,53.50448,45.01587,5400491422420816
99,Jacob,Walton,33,Gower View,Vadzufag,AK,-86.44096,147.54431,5404411768391260
100,Helena,Russell,37,Wedce Heights,Delunwa,AR,41.51534,29.38375,5610059581934053
